Rk,Player,AP1,player_id
1,Otto Graham,7,GrahOt00
2,Peyton Manning,7,MannPe00
3,Sid Luckman,5,LuckSi00
4,Johnny Unitas,5,UnitJo00
5,Aaron Rodgers,4,RodgAa00
6,Tom Brady,3,BradTo00
7,Brett Favre,3,FavrBr00
8,Lamar Jackson,3,JackLa00
9,Dan Marino,3,MariDa00
10,Joe Montana,3,MontJo01
11,Y.A. Tittle,3,TittY.00
12,Bob Waterfield,3,WateBo01
13,Steve Young,3,YounSt00
14,Len Dawson,2,DawsLe00
15,Dan Fouts,2,FoutDa00
16,Rich Gannon,2,GannRi00
17,Bob Griese,2,GrieBo00
18,Jack Kemp,2,KempJa00
19,Daryle Lamonica,2,LamoDa00
20,Bobby Layne,2,LaynBo00
21,Patrick Mahomes,2,MahoPa00
22,Earl Morrall,2,MorrEa00
23,Joey Sternaman,2,SterJo21
24,Kurt Warner,2,WarnKu00
25,Ken Anderson,1,AndeKe00
26,George Blanda,1,BlanGe00
27,Terry Bradshaw,1,BradTe00
28,Drew Brees,1,BreeDr00
29,John Brodie,1,BrodJo00
30,Randall Cunningham,1,CunnRa00
31,Paddy Driscoll,1,DrisPa20
32,Boomer Esiason,1,EsiaBo00
33,Roman Gabriel,1,GabrRo00
34,John Hadl,1,HadlJo00
35,Bert Jones,1,JoneBe00
36,Sonny Jurgensen,1,JurgSo00
37,Jim Kelly,1,KellJi00
38,Dave Lewis,1,LewiDa22
39,Johnny Lujack,1,LujaJo00
40,Joe Namath,1,NamaJo00
41,Cam Newton,1,NewtCa00
42,Babe Parilli,1,PariBa00
43,Tobin Rote,1,RoteTo00
44,Matt Ryan,1,RyanMa00
45,Brian Sipe,1,SipeBr00
46,Ken Stabler,1,StabKe00
47,Bart Starr,1,StarBa00
48,Fran Tarkenton,1,TarkFr00
49,Joe Theismann,1,TheiJo00
50,Norm Van Brocklin,1,VanBNo00
51,Tony Adams,0,AdamTo00
52,Sam Adkins,0,AdkiSa00
53,Troy Aikman,0,AikmTr00
54,Frankie Albert,0,AlbeFr00
55,Don Allard,0,AllaDo20
56,Brandon Allen,0,AlleBr00
57,Josh Allen,0,AlleJo02
58,Kyle Allen,0,AlleKy00
59,Billy Guy Anderson,0,AndeBi21
60,Derek Anderson,0,AndeDe00
61,David Archer,0,ArchDa00
62,Rick Arrington,0,ArriRi00
63,Kent Austin,0,AustKe20
64,Bob Avellini,0,AvelBo00
65,Richard Badar,0,BadaRi20
66,Tyson Bagent,0,BageTy00
67,Ed Baker,0,BakeEd00
68,Terry Baker,0,BakeTe00
69,Tony Banks,0,BankTo00
70,Matt Barkley,0,BarkMa00
71,Joe Barnes,0,BarnJo01
72,Len Barnum,0,BarnLe21
73,Pat Barnes,0,BarnPa20
74,Dave Barr,0,BarrDa20
75,Greg Barton,0,BartGr20
76,Richard Bartel,0,BartRi00
77,Steve Bartkowski,0,BartSt00
78,Brett Basanez,0,BasaBr00
79,Charlie Batch,0,BatcCh00
80,Sammy Baugh,0,BaugSa00
81,C.J. Beathard,0,BeatC.00
82,Pete Beathard,0,BeatPe00
83,Gary Beban,0,BebaGa00
84,John Beck,0,BeckJo00
85,Kerwin Bell,0,BellKe00
86,Guy Benjamin,0,BenjGu00
87,Kurt Benkert,0,BenkKu01
88,Ben Bennett,0,BennBe20
89,Fred Benners,0,BennFr00
90,Brock Berlin,0,BerlBr00
91,Bob Berry,0,BerrBo00
92,Angelo Bertelli,0,BertAn20
93,Steve Beuerlein,0,BeueSt00
94,Michael Bishop,0,BishMi00
95,Todd Blackledge,0,BlacTo00
96,Jeff Blake,0,BlakJe00
97,Drew Bledsoe,0,BledDr00
98,Bob Bleier,0,BleiBo20
99,David Blough,0,BlouDa00
100,Ed Blount,0,BlouEd20
101,Jeb Blount,0,BlouJe00
102,Matt Blundin,0,BlunMa00
103,Brooks Bollinger,0,BollBr00
104,Kyle Boller,0,BollKy00
105,Steve Bono,0,BonoSt00
106,Ian Book,0,BookIa00
107,Blake Bortles,0,BortBl00
108,John Borton,0,BortJo20
109,Mike Boryla,0,BoryMi00
110,Todd Bouman,0,BoumTo00
111,Trevone Boykin,0,BoykTr00
112,Tim Boyle,0,BoylTi00
113,Charlie Brackins,0,BracCh20
114,Craig Bradshaw,0,BradCr20
115,Sam Bradford,0,BradSa00
116,Steve Bradley,0,BradSt20
117,Tom Brandstater,0,BranTo00
118,Zeke Bratkowski,0,BratZe00
119,Tyler Bray,0,BrayTy00
120,Don Breaux,0,BreaDo00
121,Adrian Breen,0,BreeAd20
122,Teddy Bridgewater,0,BridTe00
123,Walter Briggs,0,BrigWa20
124,Bubby Brister,0,BrisBu00
125,Jacoby Brissett,0,BrisJa00
126,Marlin Briscoe,0,BrisMa00
127,Jon Brittenum,0,BritJo00
128,Dieter Brock,0,BrocDi00
129,Bob Brodhead,0,BrodBo00
130,Brian Brohm,0,BrohBr00
131,Jeff Brohm,0,BrohJe00
132,Aaron Brooks,0,BrooAa00
133,Anthony Brown,0,BrowAn06
134,Carlos Brown,0,BrowCa00
135,Dave Brown,0,BrowDa00
136,Ed Brown,0,BrowEd01
137,Jake Browning,0,BrowJa08
138,Levi Brown,0,BrowLe00
139,Ray Brown,0,BrowRa21
140,Travis Brown,0,BrowTr01
141,Carl Brumbaugh,0,BrumCa20
142,Mark Brunell,0,BrunMa00
143,Scott Brunner,0,BrunSc00
144,Johnny Bryan,0,BryaJo20
145,Mike Buck,0,BuckMi00
146,Ray Buivid,0,BuivRa20
147,Rudy Bukich,0,BukiRu00
148,Marc Bulger,0,BulgMa00
149,Scott Bull,0,BullSc00
150,Adrian Burk,0,BurkAd00
151,Ed Burns,0,BurnEd20
152,Henry Burris,0,BurrHe00
153,Joe Burrow,0,BurrJo01
154,Mike Busch,0,BuscMi20
155,George Cafego,0,CafeGe20
156,Joe Callahan,0,CallJo00
157,Jason Campbell,0,CampJa00
158,Rich Campbell,0,CampRi00
159,Scott Campbell,0,CampSc00
160,Bill Cappleman,0,CappBi00
161,Glenn Carano,0,CaraGl00
162,Cody Carlson,0,CarlCo00
163,Dean Carlson,0,CarlDe00
164,Jeff Carlson,0,CarlJe00
165,Rudy Carpenter,0,CarpRu00
166,David Carr,0,CarrDa00
167,Derek Carr,0,CarrDe02
168,Quincy Carter,0,CartQu00
169,Virgil Carter,0,CartVi00
170,Ken Casanega,0,CasaKe20
171,Ernie Case,0,CaseEr20
172,Stoney Case,0,CaseSt00
173,Matt Cassel,0,CassMa00
174,Matt Cavanaugh,0,CavaMa00
175,Bob Celeri,0,CeleBo00
176,Chris Chandler,0,ChanCh00
177,Mike Cherry,0,CherMi00
178,Ed Chlebek,0,ChleEd00
179,Max Choboian,0,ChobMa00
180,Jeff Christensen,0,ChriJe20
181,Paul Christman,0,ChriPa20
182,Larry Cipa,0,CipaLa00
183,Bryan Clark,0,ClarBr22
184,Dennis Claridge,0,ClarDe02
185,Wayne Clark,0,ClarWa00
186,Bob Clatterbuck,0,ClatBo00
187,Jimmy Clausen,0,ClauJi00
188,Chuck Clements,0,ClemCh21
189,Kellen Clemens,0,ClemKe00
190,Tom Clements,0,ClemTo20
191,Sean Clifford,0,ClifSe00
192,Red Cochran,0,CochRe20
193,Kerry Collins,0,CollKe00
194,Reggie Collier,0,CollRe20
195,Todd Collins,0,CollTo00
196,Ogden Compton,0,CompOg20
197,Jack Concannon,0,ConcJa00
198,Charlie Conerly,0,ConeCh00
199,Cary Conklin,0,ConkCa00
200,Connor Cook,0,CookCo00
201,Greg Cook,0,CookGr00
202,King Corcoran,0,CorcKi00
203,Tim Couch,0,CoucTi00
204,Kirk Cousins,0,CousKi00
205,Scott Covington,0,CoviSc00
206,Dameyune Craig,0,CraiDa00
207,Jim Crocicchia,0,CrocJi20
208,Brodie Croyle,0,CroyBr00
209,Ward Cuff,0,CuffWa20
210,Daunte Culpepper,0,CulpDa00
211,Malik Cunningham,0,CunnMa00
212,Gary Cuozzo,0,CuozGa00
213,Will Cureton,0,CureWi00
214,Jay Cutler,0,CutlJa00
215,Andy Dalton,0,DaltAn00
216,Boley Dancewicz,0,DancBo20
217,B.J. Daniels,0,DaniB.00
218,Chase Daniel,0,DaniCh00
219,Gary Danielson,0,DaniGa00
220,Jayden Daniels,0,DaniJa02
221,Sam Darnold,0,DarnSa00
222,Dan Darragh,0,DarrDa00
223,Rohan Davey,0,DaveRo01
224,Austin Davis,0,DaviAu00
225,Bob Davis,0,DaviBo00
226,Bob Davis,0,DaviBo21
227,Cotton Davidson,0,DaviCo00
228,Dominique Davis,0,DaviDo02
229,Eagle Day,0,DayxEa00
230,Randy Dean,0,DeanRa00
231,Steve DeBerg,0,DebeSt00
232,Al Dekdebrun,0,DekdAl20
233,Jack Del Bello,0,DelBJa20
234,Jim Del Gaizo,0,DelGJi00
235,Jake Delhomme,0,DelhJa00
236,Bill Demory,0,DemoBi00
237,Koy Detmer,0,DetmKo00
238,Ty Detmer,0,DetmTy00
239,Tommy DeVito,0,DeViTo00
240,Benjy Dial,0,DialBe00
241,Lynn Dickey,0,DickLy00
242,Parnell Dickinson,0,DickPa00
243,Trent Dilfer,0,DilfTr00
244,Steve Dils,0,DilsSt00
245,Anthony Dilweg,0,DilwAn00
246,Tom Dimitroff,0,DimiTo00
247,Ben DiNucci,0,DiNuBe00
248,Joe DiVito,0,DiviJo00
249,Dennis Dixon,0,DixoDe00
250,Glenn Dobbs,0,DobbGl20
251,Joshua Dobbs,0,DobbJo00
252,Marty Domres,0,DomrMa00
253,Bill Donckers,0,DoncBi00
254,Al Dorow,0,DoroAl00
255,Ken Dorsey,0,DorsKe00
256,Bobby Douglass,0,DougBo00
257,Brian Dowling,0,DowlBr00
258,Jeff Driskel,0,DrisJe00
259,Jim Druckenmiller,0,DrucJi00
260,Tom Dublinski,0,DublTo00
261,Joe Dufek,0,DufeJo00
262,Maury Duncan,0,DuncMa20
263,Randy Duncan,0,DuncRa00
264,Tom Duniven,0,DuniTo20
265,Jacob Eason,0,EasoJa00
266,Tony Eason,0,EasoTo00
267,Armanti Edwards,0,EdwaAr00
268,Trent Edwards,0,EdwaTr01
269,Sam Ehlinger,0,EhliSa00
270,Mike Elkins,0,ElkiMi00
271,John Elway,0,ElwaJo00
272,Hunter Enis,0,EnisHu00
273,Fred Enke,0,EnkeFr20
274,Craig Erickson,0,EricCr00
275,Mike Ernst,0,ErnsMi00
276,Alex Espinoza,0,EspiAl21
277,Sam Etcheverry,0,EtchSa00
278,Vince Evans,0,EvanVi00
279,Jim Everett,0,EverJi00
280,David Fales,0,FaleDa00
281,Luke Falk,0,FalkLu00
282,Randy Fasani,0,FasaRa00
283,A.J. Feeley,0,FeelA.00
284,Joe Ferguson,0,FergJo00
285,Vince Ferragamo,0,FerrVi00
286,Jay Fiedler,0,FiedJa00
287,Justin Fields,0,FielJu00
288,Frank Filchock,0,FilcFr20
289,Jim Finks,0,FinkJi00
290,Ryan Finley,0,FinlRy00
291,Ryan Fitzpatrick,0,FitzRy00
292,Joe Flacco,0,FlacJo00
293,Tom Flick,0,FlicTo00
294,Tom Flores,0,FlorTo00
295,Dick Flowers,0,FlowDi20
296,Doug Flutie,0,FlutDo00
297,Matt Flynn,0,FlynMa00
298,Glenn Foley,0,FoleGl00
299,Nick Foles,0,FoleNi00
300,Brendan Folmar,0,FolmBr20
301,John Fourcade,0,FourJo00
302,Feleipe Franks,0,FranFe00
303,Jeff Francis,0,FranJe20
304,Joe Francis,0,FranJo20
305,Josh Freeman,0,FreeJo00
306,Jesse Freitas,0,FreiJe00
307,Jesse Freitas,0,FreiJe20
308,Gus Frerotte,0,FrerGu00
309,John Friesz,0,FrieJo00
310,Jake Fromm,0,FromJa00
311,Charlie Frye,0,FryeCh00
312,Steve Fuller,0,FullSt00
313,Will Furrer,0,FurrWi00
314,Chuck Fusina,0,FusiCh00
315,Blaine Gabbert,0,GabbBl00
316,Jim Gaffney,0,GaffJi20
317,Bob Gagliano,0,GaglBo00
318,Arnie Galiffa,0,GaliAr20
319,Chon Gallegos,0,GallCh00
320,Bob Gambold,0,GambBo20
321,Jeff Garcia,0,GarcJe00
322,Jimmy Garoppolo,0,GaroJi00
323,Bobby Garrett,0,GarrBo20
324,David Garrard,0,GarrDa00
325,Jason Garrett,0,GarrJa00
326,Sammy Garza,0,GarzSa20
327,Joe Gasparella,0,GaspJo20
328,Don Gault,0,GaulDo00
329,Doug Gaynor,0,GaynDo20
330,Stan Gelbaugh,0,GelbSt00
331,Jeff George,0,GeorJe00
332,Joe Germaine,0,GermJo00
333,Sonny Gibbs,0,GibbSo00
334,Gale Gilbert,0,GilbGa00
335,Garrett Gilbert,0,GilbGa01
336,Joe Gilliam,0,GillJo00
337,Willie Gillus,0,GillWi21
338,Harry Gilmer,0,GilmHa00
339,Jug Girard,0,GiraJu20
340,Scotty Glacken,0,GlacSc00
341,Mike Glennon,0,GlenMi00
342,Brad Goebel,0,GoebBr00
343,Jared Goff,0,GoffJa00
344,Jerry Golsteyn,0,GolsJe00
345,Pete Gonzalez,0,GonzPe00
346,Paul Governali,0,GovePa20
347,Bruce Gradkowski,0,GradBr00
348,Neil Graff,0,GrafNe00
349,Kent Graham,0,GrahKe00
350,Quinn Gray,0,GrayQu00
351,Tony Graziani,0,GrazTo00
352,Elvis Grbac,0,GrbaEl00
353,Charlie Green,0,GreeCh00
354,Johnny Green,0,GreeJo00
355,Tom Greene,0,GreeTo20
356,Trent Green,0,GreeTr00
357,Chris Greisen,0,GreiCh00
358,Brian Griese,0,GrieBr00
359,Will Grier,0,GrieWi00
360,Glynn Griffing,0,GrifGl00
361,Robert Griffin III,0,GrifRo01
362,Ryan Griffin,0,GrifRy01
363,Steve Grogan,0,GrogSt00
364,Lee Grosscup,0,GrosLe00
365,Rex Grossman,0,GrosRe00
366,Ralph Guglielmi,0,GuglRa00
367,Matt Gutierrez,0,GutiMa00
368,Pat Haden,0,HadePa00
369,Jake Haener,0,HaenJa00
370,Galen Hall,0,HallGa00
371,Jaren Hall,0,HallJa00
372,Max Hall,0,HallMa00
373,Shawn Halloran,0,HallSh20
374,Jim Haluska,0,HaluJi20
375,Gibran Hamdan,0,HamdGi00
376,Joe Hamilton,0,HamiJo20
377,Kim Hammond,0,HammKi00
378,Caleb Hanie,0,HaniCa00
379,Terry Hanratty,0,HanrTe00
380,Jim Harbaugh,0,HarbJi00
381,Jim Hardy,0,HardJi00
382,Edd Hargett,0,HargEd00
383,Graham Harrell,0,HarrGr00
384,James Harris,0,HarrJa01
385,Joey Harrington,0,HarrJo00
386,Jim Hart,0,HartJi00
387,Leo Hart,0,HartLe00
388,Mark Hartsell,0,HartMa20
389,Dwayne Haskins,0,HaskDw00
390,Matt Hasselbeck,0,HassMa00
391,Tim Hasselbeck,0,HassTi00
392,Stan Heath,0,HeatSt20
393,Bobby Hebert,0,HebeBo00
394,Randy Hedberg,0,HedbRa00
395,Don Heinrich,0,HeinDo00
396,Taylor Heinicke,0,HeinTa00
397,Paul Held,0,HeldPa20
398,Chad Henne,0,HennCh01
399,Dan Henning,0,HennDa00
400,Drew Henson,0,HensDr00
401,Justin Herbert,0,HerbJu00
402,George Herring,0,HerrGe00
403,Mark Herrmann,0,HerrMa00
404,Rob Hertel,0,HertRo20
405,Bob Hewko,0,HewkBo20
406,Rusty Hilger,0,HilgRu00
407,King Hill,0,HillKi00
408,Shaun Hill,0,HillSh00
409,Taysom Hill,0,HillTa00
410,Eric Hipple,0,HippEr00
411,Buckets Hirsch,0,HirsBu20
412,Billy Joe Hobert,0,HobeBi00
413,Devlin Hodges,0,HodgDe00
414,Tom Hodson,0,HodsTo00
415,Kevin Hogan,0,HogaKe00
416,Gary Hogeboom,0,HogeGa00
417,Mike Hohensee,0,HoheMi20
418,Kelly Holcomb,0,HolcKe00
419,Mike Hold,0,HoldMi20
420,Bob Holly,0,HollBo00
421,Donald Hollas,0,HollDo00
422,Todd Hons,0,HonsTo20
423,Hendon Hooker,0,HookHe00
424,Dick Horn,0,HornDi20
425,Don Horn,0,HornDo00
426,Marty Horn,0,HornMa20
427,Arnie Horween,0,HorwAr20
428,Jeff Hostetler,0,HostJe00
429,Sam Howell,0,HoweSa00
430,Brian Hoyer,0,HoyeBr00
431,Bobby Hoying,0,HoyiBo00
432,Brock Huard,0,HuarBr00
433,Damon Huard,0,HuarDa00
434,John Huarte,0,HuarJo00
435,Doug Hudson,0,HudsDo20
436,Gary Huff,0,HuffGa00
437,John Hufnagel,0,HufnJo00
438,David Humm,0,HummDa00
439,Buddy Humphrey,0,HumpBu00
440,Stan Humphries,0,HumpSt00
441,Brett Hundley,0,HundBr00
442,Scott Hunter,0,HuntSc00
443,Tyler Huntley,0,HuntTy01
444,Jalen Hurts,0,HurtJa00
445,Todd Husak,0,HusaTo20
446,Chad Hutchinson,0,HutcCh00
447,Kevin Ingram,0,IngrKe20
448,George Izo,0,IzoxGe00
449,Jarious Jackson,0,JackJa01
450,Tarvaris Jackson,0,JackTa00
451,Jack Jacobs,0,JacoJa20
452,Dick Jamieson,0,JamiDi00
453,Ron Jaworski,0,JawoRo00
454,David Jaynes,0,JaynDa00
455,Neal Jeffrey,0,JeffNe00
456,Steve Joachim,0,JoacSt20
457,Brad Johnson,0,JohnBr00
458,Charley Johnson,0,JohnCh02
459,Doug Johnson,0,JohnDo00
460,Josh Johnson,0,JohnJo05
461,Randy Johnson,0,JohnRa00
462,Rob Johnson,0,JohnRo00
463,Cardale Jones,0,JoneCa01
464,Daniel Jones,0,JoneDa05
465,J.J. Jones,0,JoneJ.00
466,June Jones,0,JoneJu00
467,Landry Jones,0,JoneLa02
468,Mac Jones,0,JoneMa05
469,Paul Justin,0,JustPa00
470,Colin Kaepernick,0,KaepCo00
471,Mike Kafka,0,KafkMi00
472,Danny Kanell,0,KaneDa00
473,Joe Kapp,0,KappJo00
474,Ken Karcher,0,KarcKe00
475,Abe Karnofsky,0,KarnAb20
476,Val Keckin,0,KeckVa00
477,Case Keenum,0,KeenCa00
478,Gary Keithley,0,KeitGa00
479,Chad Kelly,0,KellCh00
480,Mike Kelley,0,KellMi21
481,Jeff Kemp,0,KempJe00
482,Bill Kenney,0,KennBi00
483,Tom Kennedy,0,KennTo00
484,Gary Kerkorian,0,KerkGa20
485,Mike Kerrigan,0,KerrMi00
486,Cody Kessler,0,KessCo00
487,Blair Kiel,0,KielBl00
488,Billy Kilmer,0,KilmBi00
489,Kliff Kingsbury,0,KingKl00
490,Shaun King,0,KingSh00
491,Mike Kirkland,0,KirkMi00
492,Jon Kitna,0,KitnJo00
493,Kurt Kittner,0,KittKu00
494,DeShone Kizer,0,KizeDe00
495,Perry Klein,0,KleiPe20
496,David Klingler,0,KlinDa00
497,Don Klosterman,0,KlosDo20
498,Greg Knafelc,0,KnafGr20
499,Jeff Knapple,0,KnapJe20
500,Ronnie Knox,0,KnoxRo20
501,Matt Kofler,0,KoflMa00
502,Kevin Kolb,0,KolbKe00
503,Jeff Komlo,0,KomlJe00
504,Bernie Kosar,0,KosaBe00
505,Erik Kramer,0,KramEr00
506,Tommy Kramer,0,KramTo00
507,Craig Krenzel,0,KrenCr00
508,Eric Kresser,0,KresEr00
509,Dave Krieg,0,KrieDa00
510,Mike Kruczek,0,KrucMi00
511,Gary Kubiak,0,KubiGa00
512,Craig Kupp,0,KuppCr20
513,Trey Lance,0,LancTr00
514,Greg Landry,0,LandGr00
515,Gary Lane,0,LaneGa00
516,Paul Larson,0,LarsPa00
517,Babe Laufenberg,0,LaufBa00
518,Kyle Lauletta,0,LaulKy00
519,Larry Lawrence,0,LawrLa00
520,Trevor Lawrence,0,LawrTr00
521,Ryan Leaf,0,LeafRy00
522,Bob Leahy,0,LeahBo00
523,Eddie LeBaron,0,LeBaEd00
524,Jim LeClair,0,LeClJi00
525,Hal Ledyard,0,LedyHa20
526,Bob Lee,0,LeexBo00
527,Jacky Lee,0,LeexJa00
528,Clyde LeForce,0,LeFoCl20
529,Byron Leftwich,0,LeftBy00
530,Matt Leinart,0,LeinMa00
531,Bruce Lemmerman,0,LemmBr00
532,Cleo Lemon,0,LemoCl00
533,Will Levis,0,LeviWi00
534,Cliff Lewis,0,LewiCl20
535,Jeff Lewis,0,LewiJe01
536,Thaddeus Lewis,0,LewiTh01
537,Ryan Lindley,0,LindRy00
538,Rusty Lisch,0,LiscRu00
539,Pete Liske,0,LiskPe00
540,Mike Livingston,0,LiviMi00
541,Drew Lock,0,LockDr00
542,Jake Locker,0,LockJa00
543,Neil Lomax,0,LomaNe00
544,Chuck Long,0,LongCh00
545,Clint Longley,0,LongCl00
546,Johnny Long,0,LongJo20
547,Dean Look,0,LookDe00
548,Jared Lorenzen,0,LoreJa00
549,J.P. Losman,0,LosmJ.00
550,Jordan Love,0,LoveJo03
551,Mike Loyd,0,LoydMi00
552,Ray Lucas,0,LucaRa00
553,Richie Lucas,0,LucaRi00
554,Andrew Luck,0,LuckAn00
555,Oliver Luck,0,LuckOl00
556,Terry Luck,0,LuckTe00
557,Ed Luther,0,LuthEd00
558,Jake Luton,0,LutoJa00
559,Paxton Lynch,0,LyncPa00
560,Matt Lytle,0,LytlMa00
561,Mike Machurek,0,MachMi00
562,Bill Mackrides,0,MackBi20
563,Kyle Mackey,0,MackKy00
564,Tommy Maddox,0,MaddTo00
565,Don Majkowski,0,MajkDo00
566,Ray Mallouf,0,MallRa20
567,Ryan Mallett,0,MallRy00
568,Mark Malone,0,MaloMa00
569,Mark Manges,0,MangMa20
570,Archie Manning,0,MannAr00
571,Eli Manning,0,MannEl00
572,Sean Mannion,0,MannSe00
573,Dan Manucci,0,ManuDa20
574,EJ Manuel,0,ManuEJ00
575,Johnny Manziel,0,ManzJo00
576,Gary Marangi,0,MaraGa00
577,Ted Marchibroda,0,MarcTe20
578,Marcus Mariota,0,MariMa01
579,Todd Marinovich,0,MariTo00
580,Ingle Martin,0,MartIn00
581,Jamie Martin,0,MartJa00
582,Tee Martin,0,MartTe00
583,Bernie Masterson,0,MastBe20
584,Bruce Mathison,0,MathBr00
585,Shane Matthews,0,MattSh00
586,Steve Matthews,0,MattSt00
587,Matt Mauck,0,MaucMa00
588,Drake Maye,0,MayeDr00
589,Baker Mayfield,0,MayfBa00
590,Dave Mays,0,MaysDa00
591,Dean May,0,MayxDe20
592,A.J. McCarron,0,McCaA.00
593,Brian McClure,0,McClBr20
594,Colt McCoy,0,McCoCo00
595,John McCormick,0,McCoJo00
596,Josh McCown,0,McCoJo01
597,Luke McCown,0,McCoLu00
598,Paul McDonald,0,McDoPa00
599,Greg McElroy,0,McElGr00
600,Stephen McGee,0,McGeSt00
601,Matt McGloin,0,McGlMa01
602,Monte McGuire,0,McGuMo20
603,Dan McGwire,0,McGwDa00
604,Lamar McHan,0,McHaLa00
605,Rick McIvor,0,McIvRi20
606,Tanner McKee,0,McKeTa01
607,Jim McMahon,0,McMaJi00
608,Mike McMahon,0,McMaMi00
609,Donovan McNabb,0,McNaDo00
610,Steve McNair,0,McNaSt00
611,Reggie McNeal,0,McNeRe00
612,Cade McNown,0,McNoCa00
613,Kim McQuilken,0,McQuKi00
614,Trace McSorley,0,McSoTr00
615,Don Meredith,0,MereDo00
616,Guido Merkens,0,MerkGu00
617,Zach Mettenberger,0,MettZa00
618,Ron Meyer,0,MeyeRo00
619,Mike Micka,0,MickMi20
620,Pete Mikolajewski,0,MikoPe20
621,Don Milan,0,MilaDo00
622,Scott Milanovich,0,MilaSc00
623,Chris Miller,0,MillCh00
624,Davis Mills,0,MillDa02
625,Hugh Millen,0,MillHu00
626,Jim Miller,0,MillJi00
627,Larry Miller,0,MillLa20
628,Mark Miller,0,MillMa00
629,Mark Miller,0,MillMa20
630,Ron Miller,0,MillRo01
631,Charlie Milstead,0,MilsCh20
632,Joe Milton,0,MiltJo00
633,Gardner Minshew II,0,MinsGa00
634,Ed Mioduszewski,0,MiodEd20
635,George Mira,0,MiraGe00
636,Rick Mirer,0,MireRi00
637,Scott Mitchell,0,MitcSc00
638,Keith Molesworth,0,MoleKe20
639,Kellen Mond,0,MondKe00
640,Warren Moon,0,MoonWa00
641,Kellen Moore,0,MoorKe02
642,Matt Moore,0,MoorMa01
643,Shawn Moore,0,MoorSh00
644,Moses Moreno,0,MoreMo00
645,Mike Moroski,0,MoroMi00
646,Dennis Morrison,0,MorrDe00
647,Craig Morton,0,MortCr00
648,Nick Mullens,0,MullNi00
649,George Munns,0,MunnGe20
650,Bill Munson,0,MunsBi00
651,Tyler Murphy,0,MurpTy00
652,Kyler Murray,0,MurrKy00
653,Bill Musgrave,0,MusgBi00
654,Jack Myers,0,MyerJa20
655,Steve Myer,0,MyerSt00
656,Tom Myers,0,MyerTo00
657,Ray Nagel,0,NageRa20
658,Browning Nagle,0,NaglBr00
659,Craig Nall,0,NallCr00
660,Bob Naponic,0,NapoBo00
661,Ryan Nassib,0,NassRy00
662,John Navarre,0,NavaJo00
663,Bill Nelsen,0,NelsBi00
664,Rick Neuheisel,0,NeuhRi20
665,Gifford Nielsen,0,NielGi00
666,Jim Ninowski,0,NinoJi00
667,Bo Nix,0,NixxBo00
668,Kent Nix,0,NixxKe00
669,Terry Nofsinger,0,NofsTe00
670,Dick Norman,0,NormDi20
671,David Norrie,0,NorrDa20
672,Mike Norseth,0,NorsMi20
673,Rick Norton,0,NortRi00
674,Mike Nott,0,NottMi00
675,Terry Nugent,0,NugeTe20
676,Keith Null,0,NullKe00
677,Doug Nussmeier,0,NussDo00
678,Davey O'Brien,0,OBriDa21
679,Ken O'Brien,0,OBriKe00
680,Aidan O'Connell,0,OConAi00
681,Kevin O'Connell,0,OConKe00
682,Tommy O'Connell,0,OConTo00
683,Neil O'Donnell,0,ODonNe00
684,Chris Oladokun,0,OladCh00
685,Cliff Olander,0,OlanCl00
686,Tom O'Malley,0,OMalTo20
687,Dan Orlovsky,0,OrloDa00
688,Charlie O'Rourke,0,ORouCh20
689,Kyle Orton,0,OrtoKy00
690,Sandy Osiecki,0,OsieSa20
691,J.T. O'Sullivan,0,OSulJ.00
692,Brock Osweiler,0,OsweBr00
693,Tom Owen,0,OwenTo00
694,Mike Pagel,0,PageMi00
695,Curtis Painter,0,PainCu00
696,Tyler Palko,0,PalkTy00
697,Carson Palmer,0,PalmCa00
698,Jesse Palmer,0,PalmJe00
699,Jordan Palmer,0,PalmJo20
700,Don Panciera,0,PancDo20
701,Nick Papac,0,PapaNi00
702,Alan Pastrana,0,PastCh00
703,Dan Pastorini,0,PastDa00
704,Frank Patrick,0,PatrFr00
705,Sean Payton,0,PaytSe20
706,Pard Pearce,0,PearPa20
707,Brent Pease,0,PeasBr00
708,Doug Pederson,0,PedeDo00
709,Rodney Peete,0,PeetRo00
710,Steve Pelluer,0,PellSt00
711,Michael Penix,0,PeniMi00
712,Chad Pennington,0,PennCh01
713,Craig Penrose,0,PenrCr00
714,Bryce Perkins,0,PerkBr02
715,Nathan Peterman,0,PeteNa00
716,Bryce Petty,0,PettBr01
717,Todd Philcox,0,PhilTo00
718,Mike Phipps,0,PhipMi00
719,Cody Pickett,0,PickCo00
720,Kenny Pickett,0,PickKe00
721,Tony Pike,0,PikeTo00
722,Joe Pisarcik,0,PisaJo00
723,Steve Pisarkiewicz,0,PisaSt00
724,Jake Plummer,0,PlumJa00
725,Milt Plum,0,PlumMi00
726,Jim Plunkett,0,PlunJi00
727,Dick Poillon,0,PoilDi20
728,Christian Ponder,0,PondCh00
729,Jim Powers,0,PoweJi20
730,Dak Prescott,0,PresDa01
731,De'Andre Presley,0,PresDe00
732,Terrelle Pryor,0,PryoTe00
733,Bob Ptacek,0,PtacBo20
734,Marion Pugh,0,PughMa20
735,Brock Purdy,0,PurdBr00
736,Bernard Quarles,0,QuarBe20
737,Brady Quinn,0,QuinBr00
738,Jonathan Quinn,0,QuinJo00
739,Mike Quinn,0,QuinMi00
740,Warren Rabb,0,RabbWa00
741,Mike Rae,0,RaexMi00
742,Dave Ragone,0,RagoDa00
743,Larry Rakestraw,0,RakeLa00
744,Patrick Ramsey,0,RamsPa00
745,Steve Ramsey,0,RamsSt00
746,Tom Ramsey,0,RamsTo00
747,Walt Rankin,0,RankWa20
748,George Ratterman,0,RattGe00
749,Spencer Rattler,0,RattSp00
750,Tim Rattay,0,RattTi00
751,John Rauch,0,RaucJo20
752,Frank Reagan,0,ReagFr20
753,John Reaves,0,ReavJo00
754,Chris Redman,0,RedmCh00
755,Joe Reed,0,ReedJo00
756,Mark Reed,0,ReedMa20
757,Frank Reich,0,ReicFr00
758,Jerry Reichow,0,ReicJe00
759,Sean Renfree,0,RenfSe00
760,M.C. Reynolds,0,ReynM.00
761,Jerry Rhome,0,RhomJe00
762,Anthony Richardson,0,RichAn03
763,Bucky Richardson,0,RichBu00
764,Wally Richardson,0,RichWa00
765,Desmond Ridder,0,RiddDe00
766,Tim Riordan,0,RiorTi20
767,Alan Risher,0,RishAl20
768,James Ritchey,0,RitcJa20
769,Philip Rivers,0,RivePh00
770,John Roach,0,RoacJo00
771,Archie Roberts,0,RobeAr00
772,Matt Robinson,0,RobiMa01
773,Tony Robinson,0,RobiTo20
774,Ben Roethlisberger,0,RoetBe00
775,Steve Romanik,0,RomaSt00
776,Milt Romney,0,RomnMi20
777,Tony Romo,0,RomoTo00
778,Gene Ronzani,0,RonzGe20
779,Jim Root,0,RootJi20
780,Josh Rosen,0,RoseJo01
781,Sage Rosenfels,0,RoseSa00
782,Timm Rosenbach,0,RoseTi00
783,Ed Rubbert,0,RubbEd20
784,T.J. Rubley,0,RublTJ00
785,Jake Rudock,0,RudoJa00
786,Mason Rudolph,0,RudoMa00
787,Cooper Rush,0,RushCo00
788,Benny Russell,0,RussBe00
789,JaMarcus Russell,0,RussJa00
790,Ed Rutkowski,0,RutkEd00
791,Jeff Rutledge,0,RutlJe00
792,Frank Ryan,0,RyanFr00
793,Pat Ryan,0,RyanPa00
794,Brett Rypien,0,RypiBr00
795,Mark Rypien,0,RypiMa00
796,Tony Sacca,0,SaccTo00
797,Sean Salisbury,0,SaliSe00
798,Mark Sanchez,0,SancMa00
799,Cory Sauter,0,SautCo00
800,Tom Savage,0,SavaTo00
801,Jack Scarbath,0,ScarJa20
802,Matt Schaub,0,SchaMa00
803,Henry Schichtle,0,SchiHe20
804,Art Schlichter,0,SchlAr00
805,Turk Schonert,0,SchoTu00
806,Jay Schroeder,0,SchrJa00
807,Bob Schweickert,0,SchwBo00
808,Bud Schwenk,0,SchwBu20
809,Nick Scollard,0,ScolNi20
810,Bobby Scott,0,ScotBo00
811,Bob Scrabis,0,ScraBo00
812,Nick Sebek,0,SebeNi20
813,Scott Secules,0,SecuSc00
814,Frank Seurer,0,SeurFr00
815,Connor Shaw,0,ShawCo00
816,Dennis Shaw,0,ShawDe00
817,George Shaw,0,ShawGe00
818,Tom Sherman,0,SherTo00
819,Joe Shield,0,ShieJo20
820,Dick Shiner,0,ShinDi00
821,Heath Shuler,0,ShulHe00
822,Trevor Siemian,0,SiemTr00
823,Chris Simms,0,SimmCh00
824,Matt Simms,0,SimmMa00
825,Phil Simms,0,SimmPh00
826,John Skelton,0,SkelJo00
827,Mickey Slaughter,0,SlauMi00
828,Steve Sloan,0,SloaSt00
829,Akili Smith,0,SmitAk00
830,Alex Smith,0,SmitAl03
831,Brad Smith,0,SmitBr01
832,Geno Smith,0,SmitGe00
833,Ron Smith,0,SmitRo03
834,Rusty Smith,0,SmitRu01
835,Troy Smith,0,SmitTr02
836,Norm Snead,0,SneaNo00
837,Bob Snyder,0,SnydBo20
838,Loren Snyder,0,SnydLo20
839,Butch Songin,0,SongBu00
840,Jim Sorgi,0,SorgJi00
841,Ronnie Lee South,0,SoutRo00
842,Dennis Sproul,0,SproDe20
843,Steve Spurrier,0,SpurSt00
844,Brian St. Pierre,0,St.PBr20
845,Matthew Stafford,0,StafMa00
846,Drew Stanton,0,StanDr00
847,Scott Stankavage,0,StanSc00
848,Roger Staubach,0,StauRo00
849,Steve Stenstrom,0,StenSt00
850,Harold Stephens,0,StepHa00
851,Kay Stephenson,0,StepKa00
852,Thomas Stephens,0,StepTo00
853,Dutch Sternaman,0,SterDu20
854,Billy Stevens,0,StevBi00
855,Mark Stevens,0,StevMa20
856,Matt Stevens,0,StevMa21
857,Tommy Stevens,0,StevTo01
858,Kordell Stewart,0,StewKo00
859,Easton Stick,0,SticEa00
860,Jarrett Stidham,0,StidJa00
861,Clint Stoerner,0,StoeCl00
862,John Stofa,0,StofJo00
863,Cliff Stoudt,0,StouCl00
864,Kelly Stouffer,0,StouKe00
865,Chris Streveler,0,StreCh00
866,C.J. Stroud,0,StroCJ00
867,Don Strock,0,StroDo00
868,Rick Strom,0,StroRi00
869,Nate Sudfeld,0,SudfNa00
870,Pat Sullivan,0,SullPa00
871,Carl Summerell,0,SummCa00
872,Karl Sweetan,0,SweeKa00
873,Kevin Sweeney,0,SweeKe00
874,Jerry Tagge,0,TaggJe00
875,Tua Tagovailoa,0,TagoTu00
876,George Taliaferro,0,TaliGe00
877,Mike Taliaferro,0,TaliMi00
878,Alex Tanney,0,TannAl00
879,Ryan Tannehill,0,TannRy00
880,Jim Bob Taylor,0,TaylJi20
881,Troy Taylor,0,TaylTr00
882,Tyrod Taylor,0,TaylTy00
883,Tim Tebow,0,TeboTi00
884,Steve Tensi,0,TensSt00
885,George Terlep,0,TerlGe20
886,Vinny Testaverde,0,TestVi00
887,Harry Theofiledes,0,TheoHa00
888,Tyler Thigpen,0,ThigTy00
889,Bobby Thomason,0,ThomBo02
890,Dorian Thompson-Robinson,0,ThomDo02
891,Jack Thompson,0,ThomJa00
892,Kevin Thompson,0,ThomKe00
893,Logan Thomas,0,ThomLo00
894,Skylar Thompson,0,ThomSk00
895,Tommy Thompson,0,ThomTo21
896,Willie Thrower,0,ThroWi20
897,Travis Tidwell,0,TidwTr20
898,Scott Tinsley,0,TinsSc20
899,Dick Todd,0,ToddDi20
900,Richard Todd,0,ToddRi00
901,Billy Joe Tolliver,0,TollBi00
902,Scott Tolzien,0,TolzSc00
903,Mike Tomczak,0,TomcMi00
904,Gino Torretta,0,ToreGi00
905,Willie Totten,0,TottWi20
906,Kyle Trask,0,TrasKy00
907,Charley Trippi,0,TripCh00
908,Frank Tripucka,0,TripFr00
909,Rick Trocano,0,TrocRi20
910,Bill Troup,0,TrouBi00
911,Mitchell Trubisky,0,TrubMi00
912,Jack Trudeau,0,TrudJa00
913,Don Trull,0,TrulDo00
914,Jeff Tuel,0,TuelJe00
915,Marques Tuiasosopo,0,TuiaMa00
916,Clayton Tune,0,TuneCl00
917,Tom Tupa,0,TupaTo20
918,Ricky Turner,0,TurnRi21
919,Sam Vacanti,0,VacaSa20
920,Ron Vander Kelen,0,VandRo00
921,Tim Van Galder,0,VanGTi00
922,Alex Van Pelt,0,VanPAl00
923,Bradlee Van Pelt,0,VanPBr00
924,Jeff Van Raaphorst,0,VanRJe20
925,Michael Vick,0,VickMi00
926,Mark Vlasic,0,VlasMa00
927,Billy Volek,0,VoleBi00
928,Billy Wade,0,WadeBi00
929,Tommy Wade,0,WadeTo00
930,Jay Walker,0,WalkJa22
931,P.J. Walker,0,WalkPh00
932,Bev Wallace,0,WallBe20
933,Seneca Wallace,0,WallSe00
934,Steve Walsh,0,WalsSt00
935,Andrew Walter,0,WaltAn00
936,Dave Walter,0,WaltDa20
937,John Walton,0,WaltJo00
938,Jim Ward,0,WardJi00
939,Andre Ware,0,WareAn00
940,Dewey Warren,0,WarrDe00
941,Bob Waters,0,WateBo00
942,Foster Watkins,0,WatkFo20
943,Deshaun Watson,0,WatsDe00
944,Davis Webb,0,WebbDa00
945,Joe Webb,0,WebbJo00
946,Brandon Weeden,0,WeedBr00
947,Norris Weese,0,WeesNo00
948,Chris Weinke,0,WeinCh00
949,Casey Weldon,0,WeldCa00
950,Mike Wells,0,WellMi21
951,Carson Wentz,0,WentCa00
952,Manch Wheeler,0,WheeMa00
953,Craig Whelihan,0,WhelCr00
954,Charlie Whitehurst,0,WhitCh02
955,Danny White,0,WhitDa01
956,David Whitehurst,0,WhitDa02
957,Harvey White,0,WhitHa00
958,Mike White,0,WhitMi01
959,Todd Whitten,0,WhitTo20
960,Erik Wilhelm,0,WilhEr00
961,Bob Williams,0,WillBo20
962,Caleb Williams,0,WillCa03
963,Doug Williams,0,WillDo01
964,Malik Willis,0,WillMa12
965,Peter Tom Willis,0,WillPe00
966,Dave Wilson,0,WilsDa00
967,Eddie Wilson,0,WilsEd00
968,George Wilson,0,WilsGe00
969,Marc Wilson,0,WilsMa00
970,Russell Wilson,0,WilsRu00
971,Wade Wilson,0,WilsWa00
972,Zach Wilson,0,WilsZa00
973,Jameis Winston,0,WinsJa00
974,John Witkowski,0,WitkJo00
975,John Wolford,0,WolfJo00
976,Al Woodall,0,WoodAl00
977,David Woodley,0,WoodDa00
978,Dick Wood,0,WoodDi00
979,Gary Wood,0,WoodGa00
980,Logan Woodside,0,WoodLo00
981,Tory Woodbury,0,WoodTo02
982,Scott Woolf,0,WoolSc20
983,Anthony Wright,0,WrigAn00
984,Randy Wright,0,WrigRa00
985,Danny Wuerffel,0,WuerDa00
986,Fred Wyant,0,WyanFr20
987,Sam Wyche,0,WychSa00
988,Spergon Wynn,0,WynnSp00
989,T.J. Yates,0,YateT.00
990,Tom Yewcic,0,YewcTo00
991,Bryce Young,0,YounBr01
992,Vince Young,0,YounVi00
993,Bailey Zappe,0,ZappBa00
994,Eric Zeier,0,ZeieEr00
995,Roy Zimmerman,0,ZimmRo20
996,Scott Zolak,0,ZolaSc00
997,Jim Zorn,0,ZornJi00
